<?xml version="1.0"?>
<Levels>


<Graphics id="tiltspiral" curve="tiltspiral" image="tiltspiral" dispname="When Spirals Attack" gx="242" gy="248">
	<TreasurePoint x="576" y="431" dist1="20" />
	<TreasurePoint x="77" y="423" dist1="35" />
	<TreasurePoint x="70" y="57" dist1="45" />
</Graphics>

<Graphics id="underover" curve="underover" image="underover" dispname="Mud Slide" gx="334" gy="247">
	<Cutout image="left" pri="1" x="0" y="118" />
	<Cutout image="right" pri="1" x="311" y="0" />  
	<TreasurePoint x="76" y="431" dist1="32" />
	<TreasurePoint x="590" y="437" dist1="50" />
	<TreasurePoint x="584" y="100" dist1="60" />
</Graphics>

<Graphics id="longrange" curve="longrange" image="longrange" dispname="Long Range" gx="450" gy="240">
	<TreasurePoint x="73" y="71" dist1="0" />
	<TreasurePoint x="73" y="241" dist1="60" />
	<TreasurePoint x="342" y="125" dist1="82" />
</Graphics>

<Graphics id="claw" curve="claw" image="claw" dispname="Osprey Talon" gx="333" gy="235">
	<TreasurePoint x="76" y="52" dist1="0" />
	<TreasurePoint x="584" y="63" dist1="20" />
	<TreasurePoint x="34" y="444" dist1="60" />
</Graphics>


<Graphics id="triangle" curve="triangle" image="triangle" dispname="Landing Pad" gx="369" gy="277">
	<TreasurePoint x="26" y="128" dist1="0" />
	<TreasurePoint x="563" y="108" dist1="45" />
	<TreasurePoint x="177" y="87" dist1="55" />
</Graphics>

<Graphics id="inversespiral" curve="inversespiral" image="inversespiral" dispname="Zumaic Exodus" gx="424" gy="263">
	<Cutout image="tunnel" pri="1" x="107" y="157" />
	<TreasurePoint x="319" y="419" dist1="15" />
	<TreasurePoint x="600" y="446" dist1="22" />
	<TreasurePoint x="603" y="56" dist1="30" />
</Graphics>

<Graphics id="loopy" curve="loopy" image="loopy" dispname="Mouth of Centeotl" gx="325" gy="114" >
	<Cutout image="tunnel" pri="1" x="240" y="253" />
	<TreasurePoint x="65" y="439" dist1="20" />
	<TreasurePoint x="31" y="59" dist1="36" />
	<TreasurePoint x="524" y="277" dist1="60" />
</Graphics>


<Graphics id="turnaround" curve="turnaround" image="turnaround" dispname="Switchback" gx="300" gy="230">
	<TreasurePoint x="45" y="53" dist1="0" />
	<TreasurePoint x="595" y="68" dist1="35" />
	<TreasurePoint x="587" y="435" dist1="45" />
</Graphics>

<Graphics id="squaresville" curve="squaresville" image="squaresville" dispname="Codex of Mixtec" gx="324" gy="284">
	<TreasurePoint x="610" y="230" dist1="37" />
	<TreasurePoint x="610" y="374" dist1="42" />
	<TreasurePoint x="25" y="137" dist1="67" />
</Graphics>

<Graphics id="warshak" curve="warshak" image="warshak" dispname="Rorschach" gx="305" gy="338">
	<TreasurePoint x="551" y="314" dist1="25" />
	<TreasurePoint x="66" y="82" dist1="40" />
	<TreasurePoint x="70" y="375" dist1="60" />
</Graphics>

<Graphics id="overunder" curve="overunder" image="overunder" dispname="Sun Stone" gx="307" gy="278">
	<Cutout image="tunnel01" pri="1" x="0" y="27" />
	<Cutout image="tunnel02" pri="1" x="444" y="74" />
	<TreasurePoint x="50" y="66" dist1="0" />
	<TreasurePoint x="55" y="434" dist1="38" />
	<TreasurePoint x="546" y="328" dist1="66" />
</Graphics>

<Graphics id="spaceinvaders" curve="spaceinvaders" image="spaceinvaders" dispname="Lair of the Mud Snake" gx="271" gy="358">
	<Cutout image="tunnel" pri="1" x="34" y="18" />
	<TreasurePoint x="212" y="136" dist1="60" />
	<TreasurePoint x="602" y="163" dist1="70" />
	<TreasurePoint x="516" y="265" dist1="85" />
</Graphics>

<Graphics id="coaster" curve="coaster" image="coaster" dispname="Altar of Tlaloc" gx="325" gy="240">
	<Cutout image="tunnel01" pri="1" x="0" y="0" />
	<Cutout image="tunnel02" pri="1" x="419" y="0" />
	<TreasurePoint x="35" y="108" dist1="0" />
	<TreasurePoint x="602" y="446" dist1="22" />
	<TreasurePoint x="585" y="50" dist1="32" />
</Graphics>

<Graphics id="spiral" curve="spiral" image="spiral" dispname="Spiral of Doom" gx="327" gy="233">
	<TreasurePoint x="574" y="403" dist1="0" />
	<TreasurePoint x="75" y="400" dist1="30" />
	<TreasurePoint x="71" y="93" dist1="40" />
</Graphics>

<Graphics id="blackswirley" image="blackswirley" curve="blackswirley-1" curve2="blackswirley-2" dispname="Dark Vortex" gx="320" gy="240" >
	<TreasurePoint x="589" y="62" dist1="0" />
	<TreasurePoint x="48" y="441" dist1="0" />
	<TreasurePoint x="46" y="118" dist2="40" />
</Graphics>

<Graphics id="serpents" image="serpents" curve="serpents-1" curve2="serpents-2" skullrot="0" dispname="Mirror Serpent" gx="339" gy="271">
	<BackgroundAlpha image="quake01" x="0" y="0" vx=-1 vy=-1 />
	<BackgroundAlpha image="quake02" x="293" y="0" vx=1 vy=-1/>
	<BackgroundAlpha image="quake03" x="81" y="138" vx=0 vy=1 />
	<BackgroundAlpha image="quake04" x="382" y="174" vx=1 vy=1 />
	<Cutout pri="1" image="serpentsT" x="0" y="0" />
	<Cutout pri="1" image="serpentsM" x="124" y="76" />
	<Cutout pri="1" image="serpentsB" x="64" y="301" />
	<TreasurePoint x="26" y="274" dist1="34" />
	<TreasurePoint x="38" y="433" dist1="40" />
	<TreasurePoint x="123" y="125" dist2="72" />
</Graphics>

<Graphics id="groovefest" image="groovefest" curve="groovefest" dispname="Sand Garden" gx="227" gy="236" >
	<Cutout pri="1" image="groovefest01" x="402" y="0" />
	<Cutout pri="1" image="groovefest02" x="370" y="269" />
	<Cutout pri="1" image="groovefest03" x="0" y="84" />
	<TreasurePoint x="427" y="103" dist1="0" />
	<TreasurePoint x="587" y="438" dist1="44" />
	<TreasurePoint x="32" y="88" dist1="69" />
</Graphics>

<Graphics id="riverbed" image="riverbed" curve="riverbed" dispname="Riverbed Mosaic" gx="274" gy="264" >
	<BackgroundAlpha image="riverbed01" x="0" y="0" vx=-1 vy=-1 />
	<BackgroundAlpha image="riverbed02" x="274" y="0" vx=1 vy=-1 />
	<BackgroundAlpha image="riverbed03" x="0" y="151" vx=-1 vy=1 />
	<BackgroundAlpha image="riverbed04" x="311" y="243" vx=1 vy=1 />
	<BackgroundAlpha image="riverbed05" x="144" y="180" vx=0 vy=2 />
	<TreasurePoint x="577" y="54" dist1="0" />
	<TreasurePoint x="97" y="70" dist1="30" />
	<TreasurePoint x="67" y="432" dist1="40" />
</Graphics>

<Graphics id="snakepit" image="snakepit" curve="snakepit-1" curve2="snakepit-2" dispname="Snake Pit" gx="318" gy="240" >
	<TreasurePoint x="591" y="426" dist1="22" />
	<TreasurePoint x="53" y="59" dist2="22" />
</Graphics>

<Graphics id="targetglyph" image="targetglyph" curve="targetglyph" dispname="Breath of Ehecatl" gx="369" gy="222" >
	<TreasurePoint x="73" y="142" dist1="30" />
	<TreasurePoint x="595" y="350" dist1="50" /> 
	<TreasurePoint x="580" y="55" dist1="60" /> 
</Graphics>

<Graphics id="tunnellevel" image="tunnellevel"  curve="tunnellevel" dispname="Shrine of Quetzalcoatl" gx="215" gy="240" >
	<Cutout image="tunnel1" pri="1" x="0" y="253" />
	<Cutout image="tunnel2" pri="1" x="230" y="0" />
	<TreasurePoint x="536" y="243" dist1="10" />
	<TreasurePoint x="312" y="420" dist1="60" /> 
</Graphics>

<Graphics id="space" curve="space" gx="246" gy="188" space="true">
</Graphics>

<Settings 
	id="level1" 
	speed=".5" 
	start="35"  
	score="1000"
	repeat="40" 
	colors="4" 
	reloaddelay="0" 
	mergespeed=".05"  
	firespeed="6"
	repeat="50" 
	/>

<Settings id="level2"  speed="0.60" start="40" score="1500" />	
<Settings id="level3"  speed="0.70" start="45" score="2000" />	
<Settings id="level4"  speed="0.75" start="50" score="2500" />	
<Settings id="level5"  speed="0.80" start="55" score="3000" />	
<Settings id="level6"  speed="0.85" start="60" score="3500" />	
<Settings id="level7"  speed="0.90" start="65" score="4000" />	
<Settings id="level8"  speed="0.95" start="70" score="4500" />	
<Settings id="level9"  speed="0.95" start="75" score="5000" slowfactor="3.5" />
<Settings id="level10" speed="1.00" start="75" score="5000" slowfactor="3" />
<Settings id="level11" speed="1.00" start="70" score="5000" slowfactor="2.5" />	
<Settings id="level12" speed="0.95" start="65" score="5000" slowfactor="2" />	
<Settings id="level13" speed="0.80" start="60" score="5000" slowfactor="1.5" />	
<Settings id="level14" speed="0.75" start="55" score="5000" slowfactor="1" />	
<Settings id="level15" speed="0.80" start="50" score="5000" slowfactor="1" />	
<Settings id="level16" speed="0.85" start="40" score="5000" slowfactor="1" powerfreq=2500 />	
<Settings id="level17" speed="0.95" start="35" score="5000" slowfactor="1" powerfreq=2300 />	
<Settings id="level18" speed="1.00" start="35" score="5000" slowfactor="1" powerfreq=2100 />	
<Settings id="level19" speed="1.00" start="40" score="5000" slowfactor="1" powerfreq=1900 />	
<Settings id="level20" speed="1.05" start="45" score="5000" slowfactor="1" powerfreq=1700 />	
<Settings id="level21" speed="1.05" start="50" score="5000" slowfactor="1" powerfreq=1500 />	
<Settings id="level22" speed="1.10" start="55" score="5000" slowfactor="1" powerfreq=1500 />
<Settings id="level23" speed="1.15" start="60" score="5000" slowfactor="1" powerfreq=1400 />
<Settings id="level24" speed="1.20" start="65" score="5000" slowfactor="1" powerfreq=1300 />
<Settings id="level25" speed="1.25" start="70" score="5000" slowfactor="1" powerfreq=1200 />
<Settings id="level26" speed="1.30" start="75" score="5000" slowfactor="1" powerfreq=1100 />
<Settings id="level27" speed="1.35" start="80" score="5000" slowfactor="1" powerfreq=1000 />
<Settings id="level28" speed="1.40" start="80" score="5000" slowfactor="1" powerfreq=1000 />
<Settings id="level29" speed="1.45" start="80" score="5000" slowfactor="1" powerfreq=1000 />
<Settings id="level30" speed="1.50" start="80" score="5000" slowfactor="1" powerfreq=1000 />

<Settings id="lvl11" speed=".5"  start="35"  score="1000" repeat="40" colors="4" reloaddelay="0" mergespeed=".05" firespeed="6" repeat="50" partime="25" />
<Settings id="lvl12" speed=".5"  start="35"  score="1000" repeat="40" colors="4" reloaddelay="0" mergespeed=".05" firespeed="6" repeat="50" partime="35"/>
<Settings id="lvl13" speed=".60" start="40"  score="1500" partime="35"/>
<Settings id="lvl14" speed=".60" start="40"  score="1500" partime="60"/>
<Settings id="lvl15" speed=".60" start="35"  score="3500" partime="135"/>

<Settings id="lvl21"  speed="0.75" start="50" score="2500" partime="60"/>
<Settings id="lvl22"  speed="0.75" start="50" score="2500" partime="75"/>	
<Settings id="lvl23"  speed="0.80" start="55" score="3000" partime="100"/>	
<Settings id="lvl24"  speed="0.80" start="55" score="3000" partime="75"/>
<Settings id="lvl25"  speed="0.55" start="30" score="3000" partime="80"/>

<Settings id="lvl31"  speed="0.85" start="65" score="3500" partime="70"/>
<Settings id="lvl32"  speed="0.90" start="65" score="3500" partime="70"/>	
<Settings id="lvl33"  speed="0.90" start="70" score="4000" partime="80"/>	
<Settings id="lvl34"  speed="0.90" start="60" score="4500" slowfactor="4.0" partime="90"/>
<Settings id="lvl35"  speed="0.60" start="45" score="4500" single="8" zumaslow="500" zumaback="200" partime="130"/>	

<Settings id="lvl41"  speed="0.70" start="45" score="2000" partime="70"/>
<Settings id="lvl42"  speed="0.70" start="45" score="2000" partime="70"/>
<Settings id="lvl43"  speed="0.75" start="50" score="2500" slowfactor="3.5" partime="70"/>
<Settings id="lvl44"  speed="0.75" start="55" score="3000" partime="95"/>
<Settings id="lvl45"  speed="0.55" start="35" score="3500" slowfactor="3.5" partime="110"/>
<Settings id="lvl46"  speed="0.70" start="55" score="3500" slowfactor="3.5" partime="90"/>

<Settings id="lvl51"  speed="0.75" start="55" score="3500" partime="130"/>
<Settings id="lvl52"  speed="0.80" start="60" score="3500" partime="120"/>	
<Settings id="lvl53"  speed="0.80" start="60" score="4000" slowfactor="3.5" partime="110"/>	
<Settings id="lvl54"  speed="0.85" start="65" score="4000" slowfactor="4.0" partime="150"/>
<Settings id="lvl55"  speed="0.65" start="40" score="4000" partime="130"/>	
<Settings id="lvl56"  speed="0.85" start="65" score="4000" slowfactor="4.0" partime="130"/>

<Settings id="lvl61"  speed=".90" start="70" score="4500" single="8" partime="140"/>
<Settings id="lvl62"  speed=".95" start="65" score="4500" single="8" partime="160"/>	
<Settings id="lvl63"  speed=".90" start="75" score="4500" slowfactor="3.5" partime="140"/>
<Settings id="lvl64"  speed=".90" start="55" score="4500" slowfactor="3.5" partime="150" single="7" />
<Settings id="lvl65"  speed=".65" start="45" score="4000" slowfactor="4.2" partime="180" single="7" />	
<Settings id="lvl66"  speed=".90" start="65" score="4500" slowfactor="3.5" partime="180"/>

<Settings id="lvl71"  speed="0.70" start="55" score="2500" slowfactor="3.5" partime="100"/>
<Settings id="lvl72"  speed="0.70" start="55" score="2500" slowfactor="4.0" partime="90"/>
<Settings id="lvl73"  speed="0.75" start="55" score="3000" slowfactor="3.5" partime="115"/>
<Settings id="lvl74"  speed="0.75" start="50" score="3500" slowfactor="3.5" partime="125"/>
<Settings id="lvl75"  speed="0.60" start="40" score="3500" single="7" partime="155"/>
<Settings id="lvl76"  speed="0.75" start="60" score="3500" slowfactor="3.5" partime="160"/>
<Settings id="lvl77"  speed="0.85" start="60" score="3500" single="9" partime="150"/>

<Settings id="lvl81"  speed="0.80" start="60" score="3500" partime="135" />
<Settings id="lvl82"  speed="0.85" start="60" score="4000" partime="135"/>	
<Settings id="lvl83"  speed="0.85" start="65" score="4000" slowfactor="3.5" partime="155"/>	
<Settings id="lvl84"  speed="0.85" start="70" score="4500" slowfactor="3.5" partime="155"/>
<Settings id="lvl85"  speed="0.60" start="45" score="4000" partime="130"/>	
<Settings id="lvl86"  speed="0.90" start="65" score="4500" partime="170"/>
<Settings id="lvl87"  speed="0.90" start="70" score="4500" partime="170"/>

<Settings id="lvl91"  speed=".90" start="70" score="4500" slowfactor="3.5" partime="170" />
<Settings id="lvl92"  speed=".90" start="70" score="4500" slowfactor="3.5" single="8" partime="155"/>	
<Settings id="lvl93"  speed=".95" start="70" score="4500" slowfactor="3.5" partime="155"/>
<Settings id="lvl94"  speed=".90" start="65" score="4500" slowfactor="3.0" single="8" partime="180"/>
<Settings id="lvl95"  speed=".70" start="50" score="4500" slowfactor="4.0" partime="180"/>	
<Settings id="lvl96"  speed=".90" start="65" score="4500" single="8" slowfactor="3.0" partime="170"/>
<Settings id="lvl97"  speed=".90" start="65" score="4500" slowfactor="2.5" partime="165"/>

<Settings id="lvl101"  speed="0.75" start="60" score="5000" slowfactor="3.0" partime="160"/>
<Settings id="lvl102"  speed="0.75" start="60" score="5000" slowfactor="3.5" partime="155"/>	
<Settings id="lvl103"  speed="0.80" start="65" score="5000" slowfactor="3.5" partime="170"/>		
<Settings id="lvl104"  speed="0.80" start="65" score="5000" slowfactor="3.5" partime="160"/>
<Settings id="lvl105"  speed="0.60" start="55" score="5000" slowfactor="3.5" single="8" partime="195"/>
<Settings id="lvl106"  speed="0.85" start="70" score="5000" slowfactor="3.5" partime="200"/>	
<Settings id="lvl107"  speed="0.90" start="75" score="5000" partime="195"/>

<Settings id="lvl111"  speed="0.90" start="70" score="5000" partime="170"/>
<Settings id="lvl112"  speed="0.90" start="70" score="5000" partime="165"/>	
<Settings id="lvl113"  speed="0.95" start="75" score="5000" slowfactor="3.5" partime="170"/>	
<Settings id="lvl114"  speed="0.95" start="75" score="5000" partime="145"/>
<Settings id="lvl115"  speed="0.65" start="45" score="5000" slowfactor="3.5" partime="180"/>
<Settings id="lvl116"  speed="0.95" start="80" score="5000" partime="200"/>
<Settings id="lvl117"  speed="0.95" start="80" score="5000" partime="195"/>

<Settings id="lvl121" speed="1.00" start="75" score="5000" slowfactor="3" partime="190"/>
<Settings id="lvl122" speed="1.00" start="70" score="5000" slowfactor="3" partime="180"/>
<Settings id="lvl123" speed="1.00" start="70" score="5000" slowfactor="3" partime="180"/>
<Settings id="lvl124" speed="1.00" start="70" score="5000" slowfactor="3.0" partime="180"/>
<Settings id="lvl125" speed="0.78" start="45" score="5000" slowfactor="3.5" single="7" partime="180"/>
<Settings id="lvl126" speed="0.95" start="65" score="5000" slowfactor="2" partime="180"/>
<Settings id="lvl127" speed="0.95" start="65" score="5000" slowfactor="2" partime="165"/>

<Settings id="lvl131" speed="0.85" start="50" score="10000" slowfactor="3" partime="240"/>

<Settings id="dual1"   speed="0.45"  start="20" score="2000" />	
<Settings id="dual2"   speed="0.50"  start="25" score="2500" />	
<Settings id="dual3"   speed="0.55"  start="30" score="3000" />	
<Settings id="dual4"   speed="0.60"  start="35" score="3500" />	
<Settings id="dual5"   speed="0.65"  start="40" score="4000" />	
<Settings id="dual6"   speed="0.70"  start="45" score="4500" />	
<Settings id="dual7"   speed="0.75"  start="50" score="5000" />
<Settings id="dual8"   speed="0.80"  start="50" score="4500" />	
<Settings id="dual9"   speed="0.80"  start="50" score="4500" slowfactor="3.5" />	
<Settings id="dual10"  speed="0.85"  start="45" score="4500" slowfactor="3.5" />	
<Settings id="dual11"  speed="0.80"  start="45" score="4500" slowfactor="3" />	
<Settings id="dual12"  speed="0.85"  start="40" score="4500" slowfactor="3" />	
<Settings id="dual13"  speed="0.80"  start="45" score="4500" slowfactor="2.5" powerfreq=2900 />	
<Settings id="dual14"  speed="0.80"  start="50" score="5000" slowfactor="2.5" powerfreq=2800 />	
<Settings id="dual15"  speed="0.80"  start="45" score="5000" slowfactor="2" repeat="42" powerfreq=2700 />	
<Settings id="dual16"  speed="0.80"  start="50" score="5000" slowfactor="2" repeat="44" powerfreq=2600 />	
<Settings id="dual17"  speed="0.70"  start="40" score="5000" slowfactor="1" repeat="46" powerfreq=2500 />
<Settings id="dual18"  speed="0.75"  start="40" score="5000" slowfactor="1" repeat="48" powerfreq=2400 />
<Settings id="dual19"  speed="0.75"  start="45" score="5000" slowfactor="1" repeat="50" powerfreq=2300 />
<Settings id="dual20"  speed="0.80"  start="45" score="5000" slowfactor="1" repeat="50" powerfreq=2200 />
<Settings id="dual21"  speed="0.85"  start="50" score="5000" slowfactor="1" repeat="50" powerfreq=2100 />	
<Settings id="dual22"  speed="0.90"  start="55" score="5000" slowfactor="1" repeat="45" powerfreq=2500 />
<Settings id="dual23"  speed="0.95"  start="55" score="5000" slowfactor="1" powerfreq=2400 />
<Settings id="dual24"  speed="1.00"  start="60" score="5000" slowfactor="1" powerfreq=2300 />


<LevelProgression 
	id="dual" 
	settings="dual1,dual2,dual3,dual4,dual5,dual6,dual7,dual8,dual9,dual10,dual11,dual12,dual13,dual14,dual15,dual16,dual17,dual18,dual19,dual20,dual21,dual22,dual23,dual24"
	difficulty="4,5,6,7,8,9,10,11,12,13,14,15,16,17,18,19,20,21,22,23,24,25,26,27"
	/>

<LevelProgression 
	id="standard" 
	settings="level1,level2,level3,level4,level5,level6,level7,level8,level9,level10,level11,level12,level13,level14,level15,level16,level17,level18,level19,level20,level21,level22,level23,level24,level25,level26,level27,level28,level29,level30"
	difficulty="1,2,3,4,5,6,7,8,9,10,11,12,13,14,15,16,17,18,19,20,21,22,23,24,25,26,27,28,29,30"
	/>

<Level graphics="spiral"			progression="standard"		/>
<Level graphics="riverbed"			progression="standard"		/>
<Level graphics="targetglyph"		progression="standard"		/>
<Level graphics="tunnellevel"		progression="standard"		/>
<Level graphics="groovefest"		progression="standard"		/>
<Level graphics="blackswirley"		progression="dual"			/>
<Level graphics="snakepit"			progression="dual"			/>
<Level graphics="serpents"		progression="dual" 			/>

<Level graphics="longrange"		    progression="standard"		/>
<Level graphics="tiltspiral"		progression="standard"		/>
<Level graphics="underover"		    progression="standard"		/>
<Level graphics="claw"				progression="standard"		/>
<Level graphics="triangle"			progression="standard"		/>
<Level graphics="inversespiral"		progression="standard"		/>
<Level graphics="loopy"				progression="standard"		/>
<Level graphics="turnaround"		progression="standard"		/>
<Level graphics="squaresville"		progression="standard"		/>
<Level graphics="warshak"			progression="standard"		/>
<Level graphics="overunder"			progression="standard"		/>
<Level graphics="spaceinvaders"		progression="standard"		/>
<Level graphics="coaster"			progression="standard"		/>

<Level graphics="space"				progression="standard"		/>


<!--
L1 = spiral,claw,riverbed,targetglyph,blackswirley,turnaround,longrange
L2 = tiltspiral,underover,warshak,loopy,snakepit,groovefest,spaceinvaders
L3 = triangle,coaster,squaresville,tunnellevel,serpents,overunder,inversespiral
-->

<StageProgression
	stage1 = "spiral,claw,riverbed,targetglyph,blackswirley"
	diffi1 = "lvl11,lvl12,lvl13,lvl14,lvl15"
	stage2 = "tiltspiral,underover,warshak,loopy,snakepit"
	diffi2 = "lvl21,lvl22,lvl23,lvl24,lvl25"
	stage3 = "triangle,coaster,squaresville,tunnellevel,serpents"
	diffi3 = "lvl31,lvl32,lvl33,lvl34,lvl35"

	stage4 = "spiral,claw,riverbed,targetglyph,blackswirley,turnaround"
	diffi4 = "lvl41,lvl42,lvl43,lvl44,lvl45,lvl46"
	stage5 = "tiltspiral,underover,warshak,loopy,snakepit,groovefest"
	diffi5 = "lvl51,lvl52,lvl53,lvl54,lvl55,lvl56"
	stage6 = "triangle,coaster,squaresville,tunnellevel,serpents,overunder"
	diffi6 = "lvl61,lvl62,lvl63,lvl64,lvl65,lvl66"

	stage7 = "spiral,claw,riverbed,targetglyph,blackswirley,turnaround,longrange"
	diffi7 = "lvl71,lvl72,lvl73,lvl74,lvl75,lvl76,lvl77"
	stage8 = "tiltspiral,underover,warshak,loopy,snakepit,groovefest,spaceinvaders"
	diffi8 = "lvl81,lvl82,lvl83,lvl84,lvl85,lvl86,lvl87"
	stage9 = "triangle,coaster,squaresville,tunnellevel,serpents,overunder,inversespiral"
	diffi9 = "lvl91,lvl92,lvl93,lvl94,lvl95,lvl96,lvl97"

	stage10 = "spiral,claw,riverbed,targetglyph,blackswirley,turnaround,longrange"
	diffi10 = "lvl101,lvl102,lvl103,lvl104,lvl105,lvl106,lvl107"
	stage11 = "tiltspiral,underover,warshak,loopy,snakepit,groovefest,spaceinvaders"
	diffi11 = "lvl111,lvl112,lvl113,lvl114,lvl115,lvl116,lvl117"
	stage12 = "triangle,coaster,squaresville,tunnellevel,serpents,overunder,inversespiral"
	diffi12 = "lvl121,lvl122,lvl123,lvl124,lvl125,lvl126,lvl127"

	stage13 = "space"
	diffi13 = "lvl131"	
	/>

<!-- Easy Stage Progression -->
<!--
<StageProgression
	stage1 = "spiral,claw,riverbed,targetglyph,blackswirley"
	diffi1 = "1,1,1,1,1"
	stage2 = "tiltspiral,underover,warshak,loopy,snakepit"
	diffi2 = "2,2,2,2,3"
	stage3 = "triangle,coaster,squaresville,tunnellevel,serpents"
	diffi3 = "3,3,3,3,4"

	stage4 = "spiral,claw,riverbed,targetglyph,blackswirley,turnaround"
	diffi4 = "2,2,2,2,2,3"
	stage5 = "tiltspiral,underover,warshak,loopy,snakepit,groovefest"
	diffi5 = "3,3,3,3,3,4"
	stage6 = "triangle,coaster,squaresville,tunnellevel,serpents,overunder"
	diffi6 = "4,4,4,4,4,5"

	stage7 = "spiral,claw,riverbed,targetglyph,blackswirley,turnaround,longrange"
	diffi7 = "3,3,3,3,3,3,4"
	stage8 = "tiltspiral,underover,warshak,loopy,snakepit,groovefest,spaceinvaders"
	diffi8 = "4,4,4,4,4,4,5"
	stage9 = "triangle,coaster,squaresville,tunnellevel,serpents,overunder,inversespiral"
	diffi9 = "5,5,5,5,5,5,6"
	
	/>
-->
		
</Levels>